<?xml version='1.0' encoding='UTF-8' ?>
<timeLogEntries>
  <time path="/Proyecto/PSP0.1&#10;/Proyecto/Ahorcado" flag="R" />
  <time id="1" path="/Proyecto/Ahorcado/Planning" start="@1765564991618" delta="3" flag="A" />
  <time id="2" path="/Proyecto/Ahorcado/Design" start="@1765565191182" delta="32" flag="A" />
  <time id="3" path="/Proyecto/Ahorcado/Code" start="@1765567132149" delta="28" interrupt="3" flag="A" />
  <time id="4" path="/Proyecto/Ahorcado/Code" start="@1765569059617" delta="18" flag="A" />
  <time id="5" path="/Proyecto/Ahorcado/Compile" start="@1765570111604" delta="2" flag="A" />
  <time id="6" path="/Proyecto/Ahorcado/Test" start="@1765570258439" delta="25" flag="A" />
  <time id="7" path="/Proyecto/Ahorcado/Postmortem" start="@1765571759676" delta="5" interrupt="6" flag="A" />
</timeLogEntries>
